PMID,Title,Authors,Journal,PubDate,DOI,PublicationTypes,MeSH_Terms,Abstract,URL
36190501,"Breast Cancer Statistics, 2022.","Giaquinto AN, Sung H, Miller KD, Kramer JL, Newman LA, Minihan A, Jemal A, Siegel RL",CA: a cancer journal for clinicians,,10.3322/caac.21754,"Journal Article; Research Support, N.I.H., Extramural",Adult; Female; United States; Humans; Breast Neoplasms; Mammography; Early Detection of Cancer; Racial Groups; Incidence,"This article is the American Cancer Society's update on female breast cancer statistics in the United States, including population-based data on incidence, mortality, survival, and mammography screening. Breast cancer incidence rates have risen in most of the past four decades; during the most recent data years (2010-2019), the rate increased by 0.5% annually, largely driven by localized-stage and hormone receptor-positive disease. In contrast, breast cancer mortality rates have declined steadily since their peak in 1989, albeit at a slower pace in recent years (1.3% annually from 2011 to 2020) than in the previous decade (1.9% annually from 2002 to 2011). In total, the death rate dropped by 43% during 1989-2020, translating to 460,000 fewer breast cancer deaths during that time. The death rate declined similarly for women of all racial/ethnic groups except American Indians/Alaska Natives, among whom the rates were stable. However, despite a lower incidence rate in Black versus White women (127.8 vs. 133.7 per 100,000), the racial disparity in breast cancer mortality remained unwavering, with the death rate 40% higher in Black women overall (27.6 vs. 19.7 deaths per 100,000 in 2016-2020) and two-fold higher among adult women younger than 50 years (12.1 vs. 6.5 deaths per 100,000). Black women have the lowest 5-year relative survival of any racial/ethnic group for every molecular subtype and stage of disease (except stage I), with the largest Black-White gaps in absolute terms for hormone receptor-positive/human epidermal growth factor receptor 2-negative disease (88% vs. 96%), hormone receptor-negative/human epidermal growth factor receptor 2-positive disease (78% vs. 86%), and stage III disease (64% vs. 77%). Progress against breast cancer mortality could be accelerated by mitigating racial disparities through increased access to high-quality screening and treatment via nationwide Medicaid expansion and partnerships between community stakeholders, advocacy organizations, and health systems.",https://pubmed.ncbi.nlm.nih.gov/36190501/
31270761,"Social determinants of breast cancer risk, stage, and survival.",Coughlin SS,Breast cancer research and treatment,,10.1007/s10549-019-05340-7,Journal Article; Meta-Analysis; Review,Breast Neoplasms; Emigration and Immigration; Female; Health Status Disparities; Humans; Neoplasm Staging; Prognosis; Racism; Residence Characteristics; Risk Assessment; Risk Factors; Social Class; Social Determinants of Health; Social Support; Socioeconomic Factors,"PURPOSE: Social determinants of health that have been examined in relation to breast cancer incidence, stage at diagnosis, and survival include socioeconomic status (income, education), neighborhood disadvantage, unemployment, racial discrimination, social support, and social network. Other social determinants of health include medical distrust, immigration, status, inadequate housing, food insecurity, and geographic factors such as neighborhood access to health services. Socioeconomic factors influence risk of breast cancer. For all racial/ethnic groups, breast cancer incidence rates tend to be positively associated with socioeconomic status. On the other hand, low socioeconomic status is associated with increased risk of aggressive premenopausal breast cancers as well as late stage of diagnosis and poorer survival. There are well-documented disparities in breast cancer survival by socioeconomic status, race, education, census-tract-level poverty, and access to health insurance and preventive care. Poverty is associated with other factors related to late stage at breast cancer diagnosis and poorer survival such as inadequate health insurance, lack of a primary care physician and poor access to health care.  RESULTS: The results of this review indicate that social determinants such as poverty, lack of education, neighborhood disadvantage, residential segregation by race, racial discrimination, lack of social support, and social isolation play an important role in breast cancer stage at diagnosis and survival.  CONCLUSION: To address these social determinants and eliminate cancer disparities, effective interventions are needed that account for the social and environmental contexts in which cancer patients live and are treated.",https://pubmed.ncbi.nlm.nih.gov/31270761/
32940362,"Cancer statistics for adolescents and young adults, 2020.","Miller KD, Fidler-Benaoudia M, Keegan TH, Hipp HS, Jemal A, Siegel RL",CA: a cancer journal for clinicians,,10.3322/caac.21637,"Journal Article; Research Support, Non-U.S. Gov't",Adolescent; Adult; Age Distribution; Female; Humans; Incidence; Male; Neoplasms; Racial Groups; Sex Distribution; Survival Rate; United States; Young Adult,"Cancer statistics for adolescents and young adults (AYAs) (aged 15-39 years) are often presented in aggregate, masking important heterogeneity. The authors analyzed population-based cancer incidence and mortality for AYAs in the United States by age group (ages 15-19, 20-29, and 30-39 years), sex, and race/ethnicity. In 2020, there will be approximately 89,500 new cancer cases and 9270 cancer deaths in AYAs. Overall cancer incidence increased in all AYA age groups during the most recent decade (2007-2016), largely driven by thyroid cancer, which rose by approximately 3% annually among those aged 20 to 39 years and 4% among those aged 15 to 19 years. Incidence also increased in most age groups for several cancers linked to obesity, including kidney (3% annually across all age groups), uterine corpus (3% in the group aged 20-39 years), and colorectum (0.9%-1.5% in the group aged 20-39 years). Rates declined dramatically for melanoma in the group aged 15 to 29 years (4%-6% annually) but remained stable among those aged 30 to 39 years. Overall cancer mortality declined during 2008 through 2017 by 1% annually across age and sex groups, except for women aged 30 to 39 years, among whom rates were stable because of a flattening of declines in female breast cancer. Rates increased for cancers of the colorectum and uterine corpus in the group aged 30 to 39 years, mirroring incidence trends. Five-year relative survival in AYAs is similar across age groups for all cancers combined (range, 83%-86%) but varies widely for some cancers, such as acute lymphocytic leukemia (74% in the group aged 15-19 years vs 51% in the group aged 30-39 years) and brain tumors (77% vs 66%), reflecting differences in histologic subtype distribution and treatment. Progress in reducing cancer morbidity and mortality among AYAs could be addressed through more equitable access to health care, increasing clinical trial enrollment, expanding research, and greater alertness among clinicians and patients for early symptoms and signs of cancer. Further progress could be accelerated with increased disaggregation by age in research on surveillance, etiology, basic biology, and survivorship.",https://pubmed.ncbi.nlm.nih.gov/32940362/
35168767,Disparities in Breast Cancer.,"Grabinski VF, Brawley OW",Obstetrics and gynecology clinics of North America,,10.1016/j.ogc.2021.11.010,Journal Article; Review,Breast Neoplasms; Ethnicity; Female; Health Status Disparities; Healthcare Disparities; Humans; Incidence; Mass Screening; Social Class; Socioeconomic Factors,"In the western world, breast cancer is the most common lethal cancer in women and the second leading cause of cancer death behind lung cancer. When assessing registry data, incidence and mortalty vary significantly by race or ethnicity and by socioeconomic status. There are a number of established risk factors, that effect risk of not just risk of breast cancer overall but the risk of certain molecular subtypes of breast cancer. Other factors in the disparity in outcomes include certain populations experiencing lower quality of care; prevention, screening, diagnosis and treatment.",https://pubmed.ncbi.nlm.nih.gov/35168767/
41055508,"Lobular breast cancer statistics, 2025.","Giaquinto AN, Freedman RA, Newman LA, Jemal A, Siegel RL",Cancer,,10.1002/cncr.70061,Journal Article,"Humans; Female; Breast Neoplasms; Carcinoma, Lobular; Middle Aged; United States; Aged; Adult; Incidence; Registries; Aged, 80 and over; SEER Program; Young Adult; Carcinoma, Ductal, Breast","BACKGROUND: Breast cancer statistics and clinical trial data largely reflect ductal carcinoma, the dominant histologic subtype, concealing important differences for invasive lobular carcinoma (ILC), the second most common subtype.  METHODS: Nationally representative cancer registry data from the National Cancer Institute and Centers for Disease Control and Prevention were used to report on the incidence and outcomes of ILC by age, race, and ethnicity among women in the United States.  RESULTS: In 2021 incidence of ILC was 14 per 100,000 women, which accounted for 10.6% of breast cancer diagnoses. Rates increased from 2012 through 2021 in all racial ethnic groups, ranging from 2.5% annually in American Indian/Alaska Native women to 4.4% annually in Asian American/Pacific Islander women. White women have the highest incidence overall (14.7 per 100,000), and in every age group, followed by Black women (11 per 100,000), although American Indian/Alaska Native women have the second-highest rates among those <50. Compared to ductal carcinoma, survival for ILC is slightly higher in the first 7 years after diagnosis and similar at 10 years overall, but lower for ILC for regional- and distant-stage disease, perhaps in part due to its unique metastatic pattern.  CONCLUSION: ILC has distinctive characteristics that can contribute to delayed detection, resistance to therapy, and poorer prognosis for advanced disease. Differentiating ILC from ductal carcinoma in research and clinical trials could help identify risk factors, facilitate treatment efficacy, and lead to better understanding of metastatic mechanisms, thus improving outcomes for the increasing number of affected women.",https://pubmed.ncbi.nlm.nih.gov/41055508/
36623243,"Contralateral Breast Cancer Risk Among Carriers of Germline Pathogenic Variants in,,,, and.","Yadav S, Boddicker NJ, Na J, Polley EC, Hu C, Hart SN, Gnanaolivu RD, Larson N, Holtegaard S, Huang H, Dunn CA, Teras LR, Patel AV, Lacey JV, Neuhausen SL, Martinez E, Haiman C, Chen F, Ruddy KJ, Olson JE, John EM, Kurian AW, Sandler DP, O'Brien KM, Taylor JA, Weinberg CR, Anton-Culver H, Ziogas A, Zirpoli G, Goldgar DE, Palmer JR, Domchek SM, Weitzel JN, Nathanson KL, Kraft P, Couch FJ",Journal of clinical oncology : official journal of the American Society of Clinical Oncology,,10.1200/JCO.22.01239,"Journal Article; Research Support, N.I.H., Extramural; Research Support, N.I.H., Intramural; Research Support, Non-U.S. Gov't","Female; Humans; Ataxia Telangiectasia Mutated Proteins; Black or African American; BRCA1 Protein; BRCA2 Protein; Breast Neoplasms; Checkpoint Kinase 2; Fanconi Anemia Complementation Group N Protein; Genes, BRCA2; Genetic Predisposition to Disease; Germ-Line Mutation; Heterozygote; White","PURPOSE: To estimate the risk of contralateral breast cancer (CBC) among women with germline pathogenic variants (PVs) in,,,, and.  METHODS: The study population included 15,104 prospectively followed women within the CARRIERS study treated with ipsilateral surgery for invasive breast cancer. The risk of CBC was estimated for PV carriers in each gene compared with women without PVs in a multivariate proportional hazard regression analysis accounting for the competing risk of death and adjusting for patient and tumor characteristics. The primary analyses focused on the overall cohort and on women from the general population. Secondary analyses examined associations by race/ethnicity, age at primary breast cancer diagnosis, menopausal status, and tumor estrogen receptor (ER) status.  RESULTS: Germline,, andPV carriers with breast cancer were at significantly elevated risk (hazard ratio > 1.9) of CBC, whereas only thePV carriers with ER-negative breast cancer had elevated risks (hazard ratio, 2.9). By contrast,PV carriers did not have significantly increased CBC risks. African American PV carriers had similarly elevated risks of CBC as non-Hispanic White PV carriers. Among premenopausal women, the 10-year cumulative incidence of CBC was estimated to be 33% for, 27% for, and 13% forPV carriers with breast cancer and 35% forPV carriers with ER-negative breast cancer. The 10-year cumulative incidence of CBC among postmenopausal PV carriers was 12% for, 9% for, and 4% for.  CONCLUSION: Women diagnosed with breast cancer and known to carry germline PVs in,,, orare at substantially increased risk of CBC and may benefit from enhanced surveillance and risk reduction strategies.",https://pubmed.ncbi.nlm.nih.gov/36623243/
36541995,The Benefits of Exercise in Breast Cancer.,"Campos MDSB, Feitosa RHF, Mizzaci CC, Flach MDRTV, Siqueira BJM, Mastrocola LE",Arquivos brasileiros de cardiologia,,10.36660/abc.20220086,Journal Article,Male; Humans; Female; Breast Neoplasms; Risk Factors; Fruit; Vegetables; Exercise; Diet,"Breast cancer is the most prevalent cancer among women, accounting for nearly 30% of all cancers, while in men, it represents only 1% of cases. Breast cancer is the main cause of death for cancer, and its incidence and mortality vary according to patients' ethnicity, geographic region, and socioeconomic status. Due to the low prevalence of breast cancer among men and the scarcity of studies in the literature, exercises have been prescribed based on extrapolations from studies on female patients. Scientific evidence has suggested beneficial effects of physical exercises on breast cancer prevention, treatment, and post-treatment. In addition to combatting sedentary behavior, it is essential to maintain a healthy body weight, limit alcohol consumption, and follow a balanced diet, rich in fruit, vegetables, grains and fibers, and limited in red meat. The effects of exercises are not restricted to breast cancer, but extend to controlling modifiable risk factors, and reducing the incidence of cardiovascular diseases, and all-cause and cardiovascular mortality.",https://pubmed.ncbi.nlm.nih.gov/36541995/
32887656,Aspirin use and risk of breast cancer in African American women.,"Bertrand KA, Bethea TN, Gerlovin H, Coogan PF, Barber L, Rosenberg L, Palmer JR",Breast cancer research : BCR,,10.1186/s13058-020-01335-1,"Journal Article; Research Support, N.I.H., Extramural; Research Support, Non-U.S. Gov't","Adult; Black or African American; Aged; Anti-Inflammatory Agents, Non-Steroidal; Aspirin; Breast Neoplasms; Female; Humans; Incidence; Middle Aged; Proportional Hazards Models; Prospective Studies; Erb-b2 Receptor Tyrosine Kinases; Receptors, Estrogen; Receptors, Progesterone; Risk Factors; Surveys and Questionnaires; Triple Negative Breast Neoplasms; United States; Women's Health; Young Adult","BACKGROUND: Use of aspirin and other non-steroidal anti-inflammatory drugs (NSAIDs) has been hypothesized to be associated with reduced risk of breast cancer; however, results of epidemiological studies have been mixed. Few studies have investigated these associations among African American women.  METHODS: To assess the relation of aspirin use to risk of breast cancer in African American women, we conducted a prospective analysis within the Black Women's Health Study, an ongoing nationwide cohort study of 59,000 African American women. On baseline and follow-up questionnaires, women reported regular use of aspirin (defined as use at least 3 days per week) and years of use. During follow-up from 1995 through 2017, 1919 invasive breast cancers occurred, including 1112 ER+, 569 ER-, and 284 triple-negative (TN) tumors. We used age-stratified Cox proportional hazards regression models to estimate hazard ratios (HRs) and 95% confidence intervals (CIs) for associations of aspirin use with risk of ER+, ER-, and TN breast cancer, adjusted for established breast cancer risk factors.  RESULTS: Overall, the HR for current regular use of aspirin relative to non-use was 0.92 (95% CI 0.81, 1.04). For ER+, ER-, and TN breast cancer, corresponding HRs were 0.98 (0.84, 1.15), 0.81 (0.64, 1.04), and 0.70 (0.49, 0.99), respectively.  CONCLUSIONS: Our findings with regard to ER- and TN breast cancer are consistent with hypothesized inflammatory mechanisms of ER- and TN breast cancer, rather than hormone-dependent pathways. Aspirin may represent a potential opportunity for chemoprevention of ER- and TN breast cancer.",https://pubmed.ncbi.nlm.nih.gov/32887656/
40858906,Mutational landscape of triple-negative breast cancer in African American women.,"Yao S, Wei L, Hu Q, Liu S, Manojlovic Z, Fiorica PN, Long M, Zirpoli GR, Cai Q, Long J, Ping J, Barnard ME, Jin Y, Murakami M, Wang J, Zhu Q, Davis W, Chen J, Ondracek RP, Khoury T, Gandhi S, Takabe K, Ko N, Sanderson M, Hong CC, Bandera EV, Craig DW, Ambrosone CB, Palmer JR, Zheng W, Carpten JD",Nature genetics,,10.1038/s41588-025-02322-y,Journal Article,Adult; Aged; Female; Humans; Middle Aged; Black or African American; Class I Phosphatidylinositol 3-Kinases; Exome Sequencing; Mutation; Prognosis; Triple Negative Breast Neoplasms; Tumor Suppressor Protein p53,"African American (AA) women have the highest incidence of triple-negative breast cancer (TNBC) among all racial groups, but are underrepresented in cancer genomic studies. In 462 AA women with TNBC, we characterized the tumor mutational landscape by whole-exome sequencing and RNA sequencing. We unveiled a high-resolution mutational portrait of TNBC in AA women reminiscent of that in Asian and non-Hispanic white women, with no evidence of associations of mutational features with African ancestry. We also made some distinctive discoveries, including an almost complete dominance of TP53 mutations, low frequency of PIK3CA mutations and mutational signature-based subtypes with etiologic and prognostic significance. These findings do not support major racial differences in TNBC biology at the level of somatic mutations. Our study contributes considerably to diversifying the knowledge base of breast cancer genomics and provides insights into the disease etiology, disparities and therapeutic vulnerability of TNBC in AA women.",https://pubmed.ncbi.nlm.nih.gov/40858906/
27296617,Affluence and Breast Cancer.,"Lehrer S, Green S, Rosenzweig KE",The breast journal,,10.1111/tbj.12630,Journal Article,"Black People; Breast Neoplasms; Breast Neoplasms, Male; Female; Hispanic or Latino; Humans; Income; Male; Multivariate Analysis; SEER Program; Social Class; Survival Analysis; United States; White People; Black or African American","High income, high socioeconomic status, and affluence increase breast cancer incidence. Socioeconomic status in USA breast cancer studies has been assessed by block-group socioeconomic measures. A block group is a portion of a census tract with boundaries that segregate, as far as possible, socioeconomic groups. In this study, we used US Census income data instead of block groups to gauge socioeconomic status of breast cancer patients in relationship with incidence, prognostic markers, and survival. US state breast cancer incidence and mortality data are from the U.S. Cancer Statistics Working Group, United States Cancer Statistics: 1999-2011. Three-Year-Average Median Household Income by State, 2010 to 2012, is from the U.S. Census Bureau, Current Population Survey, 2011 to 2013 Annual Social and Economic Supplements. County incomes are from the 2005-2009 American Community Survey of the U.S. Census Bureau. The American Community Survey is an ongoing statistical survey that samples a small percentage of the population yearly. Its purpose is to provide communities the information they need to plan investments and services. Breast cancer county incidence and survival data are from the National Cancer Institute's Surveillance, Epidemiology and End Results Program (SEER) data base. We analyzed SEER data from 198 counties in California, Connecticut, Georgia, Hawaii, Iowa, New Mexico, Utah, and Washington. SEER uses the Collaborative Stage (CS) Data Collection System. We have retained the SEER CS variables. There was a significant relationship of income with breast cancer incidence in 50 USA states and the District of Columbia in White women (r = 0.623, p < 0.001). There was a significant relationship between node involvement and income in Whites in 198 USA counties. Income was significantly correlated with 5-year relative survival in Whites with localized breast cancer. Income was not correlated with 5-year survival of Black race (p = 0.364) or other races (p = 0.624). The multivariate general linear model with income as covariate, 5-year survival by race as a dependent variable, showed a significant effect of income and White race on 5-year survival (p < 0.001), unrelated to Black race (p = 0.780) or other races (p = 0.618). In men, we found a nonsignificant positive correlation between county breast cancer incidence and income (r = 0.098, p = 0.168). Breast cancer risk factors, such as delayed childbirth, less breast-feeding, and use of hormone supplements, are more common in affluent women. Affluent women are more likely to have mammograms, which detect many cancers that might not otherwise be diagnosed. In addition, women in certain affluent ethnic groups-Ashkenazi Jews, Icelanders and the Dutch-are more likely to carry genetic mutations known to predispose to breast cancer. We hypothesize that women with more income can afford better cancer care and survive longer than poorer women. But our hypothesis does not explain why this effect should be limited to White women; or why node involvement increased with income in White women but not in Blacks or Hispanics. Further studies may be worthwhile.",https://pubmed.ncbi.nlm.nih.gov/27296617/
36622036,Disparities in cancer incidence by rurality in California.,"Oh DL, Schumacher K, Yang J, Wang K, Lin K, Gomez SL, Shariff-Marco S",Journal of the National Cancer Institute,,10.1093/jnci/djac238,"Journal Article; Research Support, U.S. Gov't, P.H.S.; Research Support, N.I.H., Extramural; Research Support, Non-U.S. Gov't",Male; Humans; Female; United States; Incidence; Rural Population; Lung Neoplasms; Melanoma; California,"BACKGROUND: Cancer rates in rural areas across the United States have different patterns than in urban areas. This study examines associations between rurality and incidence for the top 5 cancers in California and evaluates whether these associations vary jointly by sex, race, and ethnicity.  METHODS: We used 2015-2019 California Cancer Registry data to compare incidence rate ratios (IRRs) and trends for breast, prostate, lung, colorectal, and skin (melanoma) cancers. We leveraged census tract aggregation zones and 7 levels of percentage rural population (0%, >0% to <10%, 10% to <20%, 20% to <30%, 30% to <40%, 40% to <50%, and 50+%).  RESULTS: Zones with higher proportions of rural population were significantly associated with lower incidence of female breast cancer and prostate cancer, though the trends were not statistically significant overall. Zones with higher proportions of rural population were significantly associated with higher incidence of lung cancer and melanoma. There were no statistically significant trends for colorectal cancer overall. Comparing areas with 50% and over rural population with areas with 0% rural population, the IRR for lung cancer in Hispanic females was higher (IRR = 1.43, 95% confidence interval [CI] = 1.17 to 1.74) than in Hispanic males (IRR = 0.90, 95% CI = 0.72 to 1.11). Also, in areas with 50% or more rural population, the IRR for melanoma was higher in Hispanic females (IRR = 1.75, 95% CI = 1.23 to 2.45) than non-Hispanic White females (IRR = 0.87, 95% CI = 0.80 to 0.95).  CONCLUSIONS: Our findings show that rurality is associated with cancer incidence and underscore the importance of jointly examining rural disparities with sex, race, and ethnicity by cancer site.",https://pubmed.ncbi.nlm.nih.gov/36622036/
37585204,"Patterns in Cancer Incidence Among People Younger Than 50 Years in the US, 2010 to 2019.","Koh B, Tan DJH, Ng CH, Fu CE, Lim WH, Zeng RW, Yong JN, Koh JH, Syn N, Meng W, Wijarnpreecha K, Liu K, Chong CS, Muthiah M, Luu HN, Vogel A, Singh S, Yeoh KG, Loomba R, Huang DQ",JAMA network open,,10.1001/jamanetworkopen.2023.28171,Journal Article,Humans; Male; Female; Middle Aged; Aged; Incidence; Cohort Studies; Breast Neoplasms; Ethnicity; Registries,"IMPORTANCE: Emerging data suggest that the incidence of early-onset cancers, defined as cancers diagnosed in people younger than 50 years, is increasing, but updated data are limited.  OBJECTIVE: To characterize the patterns in the incidence of early-onset cancers in the US from 2010 to 2019 and provide granular data on the cancers with the fastest-growing incidence rates.  DESIGN, SETTING, AND PARTICIPANTS: This population-based cohort study analyzed data from 17 National Cancer Institute Surveillance, Epidemiology, and End Results registries from January 1, 2010, to December 31, 2019. Age-standardized incidence rates per 100 000 people were extracted for early-onset cancers, with rates age adjusted to the US standard population. A total of 562 145 patients with early-onset cancer between 2010 and 2019 were identified and included. Data were analyzed from October 16, 2022, to May 23, 2023.  MAIN OUTCOMES AND MEASURES: Primary outcomes were incidence rates and descriptive epidemiological data for people younger than 50 years with cancer. The annual percentage change (APC) of the age-standardized incidence rate was estimated using the Joinpoint regression program.  RESULTS: Among 562 145 patients (324 138 [57.7%] aged 40-49 years; 351 120 [62.5%] female) with early-onset cancer, 4565 (0.8%) were American Indian or Alaska Native, 54 876 (9.8%) were Asian or Pacific Islander, 61 048 (10.9%) were Black, 118 099 (21.0%) were Hispanic, 314 610 (56.0%) were White, and 8947 (1.6%) were of unknown race and/or ethnicity. From 2010 to 2019, the age-standardized incidence rate of early-onset cancers increased overall (APC, 0.28%; 95% CI, 0.09%-0.47%; P = .01) and in female individuals (APC, 0.67%; 95% CI, 0.39%-0.94%; P = .001) but decreased in male individuals (APC, -0.37%; 95% CI, -0.51% to -0.22%; P < .001). In contrast, the age-standardized incidence rate of cancers in individuals aged 50 years and older decreased over the study period (APC, -0.87%; 95% CI, -1.06% to -0.67%; P < .001). In 2019, the highest number of incident cases of early-onset cancer were in the breast (n = 12 649). From 2010 to 2019, gastrointestinal cancers had the fastest-growing incidence rates among all early-onset cancer groups (APC, 2.16%; 95% CI, 1.66%-2.67%; P < .001). Among gastrointestinal cancers, those with the fastest-growing incidence rates were in the appendix (APC, 15.61%; 95% CI, 9.21%-22.38%; P < .001), intrahepatic bile duct (APC, 8.12%; 95% CI, 4.94%-11.39%; P < .001), and pancreas (APC, 2.53%; 95% CI, 1.69%-3.38%; P < .001).  CONCLUSIONS AND RELEVANCE: In this cohort study, the incidence rates of early-onset cancer increased from 2010 to 2019. Although breast cancer had the highest number of incident cases, gastrointestinal cancers had the fastest-growing incidence rates among all early-onset cancers. These data may be useful for the development of surveillance strategies and funding priorities.",https://pubmed.ncbi.nlm.nih.gov/37585204/
28818244,Breastfeeding and Breast Cancer Risk Reduction: Implications for Black Mothers.,"Anstey EH, Shoemaker ML, Barrera CM, O'Neil ME, Verma AB, Holman DM",American journal of preventive medicine,,10.1016/j.amepre.2017.04.024,Journal Article; Review,Black or African American; Breast Feeding; Counseling; Female; Health Status Disparities; Humans; Incidence; Mothers; Racism; Risk Reduction Behavior; Social Support; Socioeconomic Factors; Triple Negative Breast Neoplasms; White People,"Breast cancer is the most commonly diagnosed cancer and a leading cause of death from cancer among U.S. women. Studies have suggested that breastfeeding reduces breast cancer risk among parous women, and there is mounting evidence that this association may differ by subtype such that breastfeeding may be more protective of some invasive breast cancer types. The purpose of this review is to discuss breast cancer disparities in the context of breastfeeding and the implications for black mothers. Black women in the U.S. have lower rates of breastfeeding and nearly twice the rates of triple-negative breast cancer (an aggressive subtype) compared with white women. In addition to individual challenges to breastfeeding, black women may also differentially face contextual barriers such as a lack of social and cultural acceptance in their communities, inadequate support from the healthcare community, and unsupportive work environments. More work is needed to improve the social factors and policies that influence breastfeeding rates at a population level. Such efforts should give special consideration to the needs of black mothers to adequately address disparities in breastfeeding among this group and possibly help reduce breast cancer risk. Interventions such as peer counseling, hospital policy changes, breastfeeding-specific clinic appointments, group prenatal education, and enhanced breastfeeding programs have been shown to be effective in communities of color. A comprehensive approach that integrates interventions across multiple levels and settings may be most successful in helping mothers reach their breastfeeding goals and reducing disparities in breastfeeding and potentially breast cancer incidence.",https://pubmed.ncbi.nlm.nih.gov/28818244/
38612922,Biological Basis of Breast Cancer-Related Disparities in Precision Oncology Era.,"Neagu AN, Bruno P, Johnson KR, Ballestas G, Darie CC",International journal of molecular sciences,,10.3390/ijms25074113,Journal Article; Review,"Humans; Animals; Female; Breast Neoplasms; Precision Medicine; Breast; Medical Oncology; Mammary Neoplasms, Animal","Precision oncology is based on deep knowledge of the molecular profile of tumors, allowing for more accurate and personalized therapy for specific groups of patients who are different in disease susceptibility as well as treatment response. Thus, onco-breastomics is able to discover novel biomarkers that have been found to have racial and ethnic differences, among other types of disparities such as chronological or biological age-, sex/gender- or environmental-related ones. Usually, evidence suggests that breast cancer (BC) disparities are due to ethnicity, aging rate, socioeconomic position, environmental or chemical exposures, psycho-social stressors, comorbidities, Western lifestyle, poverty and rurality, or organizational and health care system factors or access. The aim of this review was to deepen the understanding of BC-related disparities, mainly from a biomedical perspective, which includes genomic-based differences, disparities in breast tumor biology and developmental biology, differences in breast tumors' immune and metabolic landscapes, ecological factors involved in these disparities as well as microbiomics- and metagenomics-based disparities in BC. We can conclude that onco-breastomics, in principle, based on genomics, proteomics, epigenomics, hormonomics, metabolomics and exposomics data, is able to characterize the multiple biological processes and molecular pathways involved in BC disparities, clarifying the differences in incidence, mortality and treatment response for different groups of BC patients.",https://pubmed.ncbi.nlm.nih.gov/38612922/
25951746,Health disparities across the breast cancer continuum.,"Reeder-Hayes KE, Wheeler SB, Mayer DK",Seminars in oncology nursing,,10.1016/j.soncn.2015.02.005,Comparative Study; Journal Article; Review,Age Factors; Breast Neoplasms; Ethnicity; Female; Health Status Disparities; Humans; Incidence; Minority Groups; Socioeconomic Factors; Survival Rate; United States; White People,"OBJECTIVES: To provide a brief overview of disparities across the spectrum of breast cancer incidence, treatment, and long-term care during the survivorship period.  DATA SOURCES: Review of the literature including research reports, review articles, and clinically based articles available through PubMed and CINAHL.  CONCLUSION: Minority women generally experience worse breast cancer outcomes despite a lower incidence of breast cancer than whites. A variety of factors contribute to this disparity, including advanced stage at diagnosis, higher rates of aggressive breast cancer subtypes, and lower receipt of appropriate therapies including surgery, chemotherapy, and radiation. Disparities in breast cancer care also extend into the survivorship trajectory, including lower rates of endocrine therapy use among some minority groups, as well as differences in follow-up and survivorship care.  IMPLICATIONS FOR NURSING PRACTICE: Breast cancer research should include improved minority representation and analyses by race, ethnicity, and socioeconomic status. While we cannot yet change the biology of this disease, we can encourage adherence to screening and treatment and help address the many physical, psychological, spiritual, and social issues minority women face in a culturally sensitive manner.",https://pubmed.ncbi.nlm.nih.gov/25951746/
37801282,Social Risk Factors That Increase Cardiovascular and Breast Cancer Risk.,"Obeidat O, Charles KR, Akhter N, Tong A",Current cardiology reports,,10.1007/s11886-023-01957-9,Journal Article; Review,Humans; Middle Aged; Female; Breast Neoplasms; Socioeconomic Factors; Health Status Disparities; Risk Factors; Cardiovascular Diseases,"PURPOSE OF REVIEW: Cardiovascular disease (CVD) and breast cancer (BC) are significant causes of mortality globally, imposing a substantial health burden. This review article aims to examine the shared risk factors and social determinants that contribute to the high prevalence of both diseases, with a focus on social risk factors.  RECENT FINDINGS: The common risk factors for CVD and BC, such as hypertension, diabetes, obesity, aging, and physical inactivity, are discussed, emphasizing their modifiability. Adhering to ideal cardiovascular health behaviors has shown a trend toward lower BC incidence. Increased risk of CVD-related mortality is significantly impacted by age and race in BC patients, especially those over 45 years old. Additionally, racial disparities in both diseases highlight the need for targeted interventions. Social determinants of health, including socioeconomic status, education, employment, and neighborhood context, significantly impact outcomes for both CVD and BC. Addressing social factors is vital in reducing the burden of both CVD and BC and improving overall health equity.",https://pubmed.ncbi.nlm.nih.gov/37801282/
37947337,Population simulation modeling of disparities in US breast cancer mortality.,"Mandelblatt JS, Schechter CB, Stout NK, Huang H, Stein S, Hunter Chapman C, Trentham-Dietz A, Jayasekera J, Gangnon RE, Hampton JM, Abraham L, O'Meara ES, Sheppard VB, Lee SJ",Journal of the National Cancer Institute. Monographs,,10.1093/jncimonographs/lgad023,"Journal Article; Research Support, N.I.H., Intramural; Research Support, N.I.H., Extramural",Female; Humans; Black or African American; Breast Neoplasms; Racial Groups; United States; White; Health Status Disparities,"BACKGROUND: Populations of African American or Black women have persistently higher breast cancer mortality than the overall US population, despite having slightly lower age-adjusted incidence.  METHODS: Three Cancer Intervention and Surveillance Modeling Network simulation teams modeled cancer mortality disparities between Black female populations and the overall US population. Model inputs used racial group-specific data from clinical trials, national registries, nationally representative surveys, and observational studies. Analyses began with cancer mortality in the overall population and sequentially replaced parameters for Black populations to quantify the percentage of modeled breast cancer morality disparities attributable to differences in demographics, incidence, access to screening and treatment, and variation in tumor biology and response to therapy.  RESULTS: Results were similar across the 3 models. In 2019, racial differences in incidence and competing mortality accounted for a net ‒1% of mortality disparities, while tumor subtype and stage distributions accounted for a mean of 20% (range across models = 13%-24%), and screening accounted for a mean of 3% (range = 3%-4%) of the modeled mortality disparities. Treatment parameters accounted for the majority of modeled mortality disparities: mean = 17% (range = 16%-19%) for treatment initiation and mean = 61% (range = 57%-63%) for real-world effectiveness.  CONCLUSION: Our model results suggest that changes in policies that target improvements in treatment access could increase breast cancer equity. The findings also highlight that efforts must extend beyond policies targeting equity in treatment initiation to include high-quality treatment completion. This research will facilitate future modeling to test the effects of different specific policy changes on mortality disparities.",https://pubmed.ncbi.nlm.nih.gov/37947337/
37370167,Cancer morbidity and mortality trends in Trinidad and Tobago (2008-2018).,"Gopaul CD, Singh A, Williams A, Ventour D, Thomas D","Journal of health, population, and nutrition",,10.1186/s41043-023-00395-1,Journal Article,Male; Female; Humans; Trinidad and Tobago; Retrospective Studies; Breast Neoplasms; Incidence; Pancreatic Neoplasms,"PURPOSE: Cancer is a leading cause of death in the Caribbean, and the Republic of Trinidad and Tobago is no exception. Evidence suggests that cancer incidence and mortality may vary based on demographic factors across the different cancer types. This study aimed to investigate the incidence and mortality trends associated with cancer cases in Trinidad and Tobago for the period 2008-2018, across different age groups, gender, and ethnicity.  METHODS: Data on 15,029 incident cancer cases were reported to the Dr. Elizabeth Quamina Cancer Registry between 2008 and 2018. The retrospective data were analyzed by sex, ancestry, and age, and were reported using Trinidad and Tobago population statistics for the period 2008-2018.  RESULTS: The incidence of prostate and breast cancers was high among males and females, respectively. Among males, the highest cancer mortality was associated with prostate, lung, colon, blood, and pancreatic cancers, respectively. Among females, the highest cancer mortality was associated with breast, ovary, colon, blood, and pancreatic cancers. The frequency of occurrence of the top five cancer sites was the highest among Afro-Trinidadians followed by Indo-Trinidadians. Most females diagnosed with breast cancer were at a localized stage, while most males diagnosed with breast cancer were at a distant or regional stage. Most individuals diagnosed with blood cancer were at a distant stage. For lung and colon cancer, the stage of diagnosis for most males and females was either distant or unknown. Majority of males are diagnosed with prostate cancer at an unknown stage.  CONCLUSIONS: The findings indicate highest cancer incidence and mortality occur among Afro-Trinidadians. The stage at diagnosis varies across cancer types and gender.",https://pubmed.ncbi.nlm.nih.gov/37370167/
26918687,Breast cancer inequities between Māori and non-Māori women in Aotearoa/New Zealand.,"Lawrenson R, Seneviratne S, Scott N, Peni T, Brown C, Campbell I",European journal of cancer care,,10.1111/ecc.12473,Journal Article; Review,"Alcohol Drinking; Antineoplastic Agents, Hormonal; Breast Neoplasms; Chemotherapy, Adjuvant; Delayed Diagnosis; Early Detection of Cancer; Female; Health Status Disparities; Healthcare Disparities; Humans; Incidence; Mammography; Mastectomy; New Zealand; Obesity; Radiotherapy, Adjuvant; Risk Factors; Time-to-Treatment; White People","Māori women have one of the highest incidences of breast cancer in the world. This high incidence is generally unexplained although higher rates of obesity and alcohol intake are modifiable risk factors that may be important. Māori women are less likely to attend mammographic breast screening and are likely to be diagnosed with more advanced disease. This is one of the reasons for the excess mortality. Another factor is differences in the treatment pathway. Māori women are more likely to experience delay in receiving treatment, are less likely to receive radiotherapy, are more likely to be treated with a mastectomy and are less likely to adhere to long-term adjuvant endocrine therapy. However, genetic factors in Māori women do not seem to impact significantly on mortality. This review looks at the inequity between Māori and non-Māori women and addresses the causes. It proposes ways of reducing inequity through primary prevention, increased participation in breast screening and greater standardisation of the treatment pathway for women newly diagnosed with breast cancer. We believe that health system improvements will decrease barriers to health care participation for Māori women and suggest that further research into identifying and modifying obstacles within health systems is required.",https://pubmed.ncbi.nlm.nih.gov/26918687/
41066089,"Pathogenic Variants, Family History, and Cumulative Risk of Breast Cancer in US Women.","O'Brien KM, Keil AP, Taylor JA, Weinberg CR, Polley EC, Yadav S, Boddicker NJ, Hu C, Ambrosone CB, Anton-Culver H, Auer PL, Bodelon C, Brantley K, Burnside ES, Chen F, Domchek SM, Eliassen AH, Haiman CA, Hodge JM, Kraft P, Lacey JV, Lindstroem S, Martinez ME, Nathanson KL, Neuhausen SL, Olson JE, Palmer JR, Patel AV, Penney KL, Ruddy KJ, Scott CG, Teras LR, Trentham-Dietz A, Vachon CM, Weitzel JN, Yao S, Zirpoli G, Couch FJ, Sandler DP",JAMA oncology,,10.1001/jamaoncol.2025.3875,Journal Article,"Humans; Female; United States; Middle Aged; Aged; Aged, 80 and over; Genetic Predisposition to Disease; Breast Neoplasms; Pedigree; Case-Control Studies; Risk Factors; Incidence; Models, Statistical; Risk Assessment; Medical History Taking; Genetic Variation; Ataxia Telangiectasia Mutated Proteins; BRCA2 Protein; Checkpoint Kinase 2; Fanconi Anemia Complementation Group N Protein; BRCA1 Protein","IMPORTANCE: Inherited pathogenic variants (PVs) in known predisposition genes can greatly increase breast cancer risk, but the combined impact of PV status, family history, and other factors on breast cancer risk in the general US population has not been well described.  OBJECTIVE: To evaluate population-based breast cancer risk estimates for those with established PVs overall and stratified by first-degree family history of breast cancer and other factors.  DESIGN, SETTING, AND PARTICIPANTS: This study used pooled data from 13 US-based breast cancer case-control studies participating in the Cancer Risk Estimates Related to Susceptibility (CARRIERS) consortium. Enrollment for individual studies occurred between 1976 and 2013, and results are based on data released March 2023, with analyses conducted from June 2022 to July 2025.  EXPOSURES: PVs, breast cancer family history, self-reported race and ethnicity, and established risk factors.  MAIN OUTCOMES AND MEASURES: Breast cancer rate ratios for PVs in 7 genes were estimated from the CARRIERS consortium. PV status and incidence and mortality statistics were combined using the Individualized Coherent Absolute Risk Estimation (iCARE) model to estimate conditional cumulative breast cancer risks and 95% CIs, stratified by family history and standardized to the US population. Models that incorporated population-based data and published estimates for established epidemiologic risk factors were also evaluated.  RESULTS: A total of 67 692 women were studied, including 33 841 who were diagnosed with breast cancer. PVs in ATM, BRCA1, BRCA2, CHEK2, and PALB2 were strongly associated with breast cancer risk, with BRCA1 and PALB2 PVs showing evidence of heterogeneity by family history. In models considering PVs, family history, and established risk factors, the estimated cumulative risks of breast cancer by age 50 years ranged from 2.4% (95% CI, 2.4-2.4) in women with no PVs and no family history to 35.5% (95% CI, 21.6-55.1) in PALB2 PV carriers with a family history. Among women who have not been diagnosed with breast cancer by age 50 years, the cumulative risk of breast cancer by age 80 years ranged from 11.1% (95% CI, 11.0-11.2) in noncarriers with no family history to 70.5% (95% CI, 52.8-83.5) for PALB2 carriers with a family history. PV-specific cumulative risk estimates varied across subgroups defined by race and ethnicity and potentially modifiable epidemiologic risk factors.  CONCLUSIONS AND RELEVANCE: In this study, population-based estimates of cumulative breast cancer risk for established PVs, as informed by the CARRIERS case-control sample, varied by family history and potentially modifiable risk factors. These estimates provide guidance for identifying individuals who will most benefit from enhanced screening and prevention strategies.",https://pubmed.ncbi.nlm.nih.gov/41066089/
